Female,Male
0.048954460343842154,0.05606265625016822
0.0059309004540322235,0.011276594906949362
0.008186681822983408,0.013483539904088042
0.008164084455735668,0.016155874652439218
0.04925399376990756,0.06738117530629884
0.06016768915399651,0.051969212935041205
0.020733744191043346,0.031062170291890998
0.06872603580006373,0.06362626970532181
0.01648536371730374,0.006915212265425633
0.052470463724728855,0.07189258644374141
0.008156074497982373,0.015766533724713705
0.028878012288134705,0.02848660220638642
0.001868972489715287,0.004104811453315271
0.0023414628689272282,0.0025749659447764574
