feature,mean_abs_shap,rank
relationship,0.07548867294710199,1
education_num,0.07165882119218746,2
marital_status,0.067695565196705,3
age,0.06470246071485103,4
capital_gain,0.0450749543045431,5
hours_per_week,0.034984977511831473,6
occupation,0.03116465833883668,7
education,0.015227107324963147,8
fnlwgt,0.013092836535151612,9
gender,0.011620505928104017,10
workclass,0.010573955649947862,11
capital_loss,0.008744996765856293,12
race_binary,0.0046200100890057124,13
native_country,0.0029470289496778537,14
